{
  "AWSTemplateFormatVersion": "2010-09-09",
  "Description": "AutoScaling Group and ELB",
  "Parameters": {
    "AppName": {
        "Description": "The name of the application",
        "Type": "String",
        "AllowedPattern": "([a-z0-9\\-])+([a-z0-9])$",
        "Default": "inlt-reg-data-science-platform"
    },
    "AppEnv": {
        "Description": "The name of the application environment",
        "Type": "String",
        "AllowedValues": [
        "dev",
        "nonprod",
        "prod"
        ],
        "Default": "dev",
        "ConstraintDescription": "Must be dev, nonprod, or prod"
    },
    "AppRegion": {
        "Description": "Region the application resides",
        "Type": "String",
        "AllowedValues": [
        "apac",
        "emea",
        "latam"
        ],
        "Default": "emea",
        "ConstraintDescription": "Select a region"
    },
    "AppCountry": {
        "Description": "Country the application resides",
        "Type": "String",
        "AllowedValues": [
        "br",
        "cl",
        "cn",
        "co",
        "ec",
        "es",
        "hk",
        "ie",
        "in",
        "my",
        "pt",
        "ru",
        "sg",
        "th",
        "tr",
        "vn",
        "ss",
        "sec",
        "reg"
        ],
        "ConstraintDescription": "Select a country"
    },
    "TrouxId": {
        "Description": "TROUX Id of the application",
        "Type": "String",
        "Default": "N/A"
    },
    "AppSupport": {
        "Description": "Email Address of Application Support Team",
        "Type": "String",
        "Default": "N/A"
    },
    "EC2InstanceType": {
        "Description": "Type of Instance",
        "Type": "String",
        "Default": "m4.large",
        "AllowedValues": [
        "m4.large",
        "m4.xlarge",
        "m4.2xlarge",
        "m4.4xlarge",
        "m4.10xlarge",
        "m4.16xlarge",
        "c4.large",
        "c4.xlarge",
        "c4.2xlarge",
        "c4.4xlarge",
        "c4.8xlarge",
        "r4.large",
        "r4.xlarge",
        "r4.2xlarge",
        "r4.4xlarge",
        "r4.8xlarge",
        "r4.16xlarge",
        "t2.nano",
        "t2.micro",
        "t2.small",
        "t2.medium",
        "t2.large",
        "t2.xlarge",
        "t2.2xlarge"
        ]
    },
    "AwsKeyName": {
        "Description": "Name of the PEM key to use for privileged access",
        "Type": "String",
        "Default":"data_science_platform_dev_pair"
    },
    "ELBLogBucket":{
      "Description":"Bucket to capture logs from ELB",
      "Type":"String",
      "Default":"intl-reg-data-science-platform"
    },
    "EC2SecurityGroupId": {
      "Type": "String",
      "Default":"sg-0f34a12379a9ba54d"
    },
    "EC2VolumeSize": {
        "Type": "String",
        "Default":"20"
     },
     "InstanceProfile":{
        "Type":"String",
        "Default":"intl-reg-data-science-ec2-profile"
     },
     "AutoScalingServiceRole":{
        "Type":"String",
        "Default":"arn:aws:iam::634746942589:role/aws-service-role/autoscaling.amazonaws.com/AWSServiceRoleForAutoScaling"
     }
    },
  "Resources": {
    "VPC": {
      "Type": "Custom::ResourceLookup",
      "Version": "1.0",
      "Properties": {
        "ServiceToken": {
          "Fn::Join": [":", ["arn:aws:sns", {
            "Ref": "AWS::Region"
          }, "571458333875:custom-resource"]]
        },
        "Resource": "VPC",
        "VpcEnv": {
          "Ref": "AppEnv"
        }
      }
    },
    "Subnet1": {
      "Type": "Custom::ResourceLookup",
      "Properties": {
        "Version": "1.0",
        "Resource": "Subnet",
        "ServiceToken": {
          "Fn::Join": [":", ["arn:aws:sns", {
            "Ref": "AWS::Region"
          }, "571458333875:custom-resource"]]
        },
        "VpcId": {
          "Ref": "VPC"
        },
        "Name": "private",
        "Az": "1"
      }
    },
    "Subnet2": {
      "Type": "Custom::ResourceLookup",
      "Properties": {
        "Version": "1.0",
        "Resource": "Subnet",
        "ServiceToken": {
          "Fn::Join": [":", ["arn:aws:sns", {
            "Ref": "AWS::Region"
          }, "571458333875:custom-resource"]]
        },
        "VpcId": {
          "Ref": "VPC"
        },
        "Name": "private",
        "Az": "2"
      }
    },
    "AMI": {
      "Type": "Custom::ResourceLookup",
      "Version": "1.0",
      "Properties": {
        "Resource": "AMI",
        "ServiceToken": {
          "Fn::Join": [":", ["arn:aws:sns", {
            "Ref": "AWS::Region"
          }, "571458333875:custom-resource"]]
        },
        "Name": "lm-base-amazon-linux",
        "Version": "latest"
      }
     },
     "AutoScalingGroup":
      {
         "Type" : "AWS::AutoScaling::AutoScalingGroup",
         "Properties" : {
            "AutoScalingGroupName" : "intl-reg-data-science-backend-autoscaling",
            "DesiredCapacity" : "2",
            "HealthCheckGracePeriod" : "20",
            "HealthCheckType" : "ELB",
            "LaunchConfigurationName" : {"Ref":"LaunchConfiguration"},
            "LoadBalancerNames" : [ {"Ref":"ELB"} ],
            "MaxSize" : "3",
            "MinSize" : "2",
            "ServiceLinkedRoleARN" : {"Ref":"AutoScalingServiceRole"},
            "Tags" :  [{
            "Key": "lm_app",
            "Value": {
             "Ref": "AppName"
            },
            "PropagateAtLaunch":"true"
            },
            {
            "Key": "Name",
            "Value": "intl-reg-emea-data-science-backend-ec2",
            "PropagateAtLaunch":"true"
            },
            {
            "Key": "lm_app_env",
            "Value": {
             "Ref": "AppEnv"
            },
            "PropagateAtLaunch":"true"
            },
            {
            "Key": "lm_sbu",
            "Value": "INTL",
            "PropagateAtLaunch":"true"
            },
            {
            "Key": "lm_troux_uid",
            "Value": {
             "Ref": "TrouxId"
            },
            "PropagateAtLaunch":"true"
            },
            {
            "Key": "lm_applicationsupportemail",
            "Value": {
             "Ref": "AppSupport"
            },
            "PropagateAtLaunch":"true"
            },
            {
            "Key": "intl_region",
            "Value": {
             "Ref": "AppRegion"
            },
            "PropagateAtLaunch":"true"
            },
            {
                    "Key": "Project",
                    "Value": "LM-GRM-WEM-DSPlatform",
                    "PropagateAtLaunch":"true"
            },
            {
            "Key": "intl_country",
            "Value": {
             "Ref": "AppCountry"
            },
            "PropagateAtLaunch":"true"
            }
            ],
            "VPCZoneIdentifier" : [ {"Ref":"Subnet1"},{"Ref": "Subnet2"} ]
        }
      },
     "ScalingPolicy":{
        "Type" : "AWS::AutoScaling::ScalingPolicy",
        "Properties" : {
          "AdjustmentType" : "ChangeInCapacity",
          "AutoScalingGroupName" : { "Ref" : "AutoScalingGroup" },
          "PolicyType" : "StepScaling",
          "MetricAggregationType" : "Average",
          "EstimatedInstanceWarmup" : "60",
          "StepAdjustments": [
            {
              "MetricIntervalLowerBound": "0",
              "MetricIntervalUpperBound" : "70",
              "ScalingAdjustment": "2"
            },
            {
              "MetricIntervalLowerBound": "70",
              "ScalingAdjustment": "3"
            }
          ]
        }
      }, 
      "CPUAlarmHigh": {
         "Type": "AWS::CloudWatch::Alarm",
         "Properties": {
            "EvaluationPeriods": "1",
            "Statistic": "Average",
            "Threshold": "5",
            "AlarmDescription": "Alarm if CPU too high or metric disappears indicating instance is down",
            "Period": "60",
            "AlarmActions": [ { "Ref": "ScalingPolicy" } ],
            "Namespace": "AWS/EC2",
            "Dimensions": [ {
               "Name": "AutoScalingGroupName",
               "Value": { "Ref": "AutoScalingGroup" }
            } ],
            "ComparisonOperator": "GreaterThanThreshold",
            "MetricName": "CPUUtilization"
         }
      },
      "LaunchConfiguration":{
       "Type" : "AWS::AutoScaling::LaunchConfiguration",
       "Properties" : {
          "KeyName": {"Ref": "AwsKeyName"},
          "BlockDeviceMappings": [{
          "DeviceName": "/dev/xvda",
          "Ebs": {
          "VolumeType": "gp2",
          "DeleteOnTermination": "true",
          "VolumeSize": "50"
          }
          }],
          "UserData": {
          "Fn::Base64": {
          "Fn::Join": [
           "", [
                    "#!/bin/bash -ve\n",
                    "exec &> /var/log/userdata.log\n",
                    "echo 'test'\n",
                    "yum install docker -y\n",
                    "yum install mail -y\n",
                    "pip install boto3\n",
                    "pip install flask\n",
                    "yum install git -y\n",
                    "git clone https://a0348668@bitbucket-emea.aws.lmig.com/scm/edsp/datasciencecoreplatformcode.git \n",
                    "cd datasciencecoreplatformcode/ \n",
                    "pip install ldap3\n",
                    "pip install jsonify\n",
                    "pip install flask_cors\n",
                    "pip install --upgrade pip\n",
                    "pip install botocore --upgrade\n",
                    "pip install boto3 --upgrade\n",
                    "aws configure set default.region eu-west-1 \n",
                    "nohup python server.py & >> nohup.out"
           ]
          ]
          }
          },
          "ImageId": {
          "Ref": "AMI"
          },
          "InstanceType": {
          "Ref": "EC2InstanceType"
          },
          "IamInstanceProfile": {"Ref":"InstanceProfile"},
          "AssociatePublicIpAddress" : "false",
          "LaunchConfigurationName" : "intl-reg-data-science-backend-launch-configuration",
          "SecurityGroups" : [ {"Ref":"EC2SecurityGroupId"}]
       }
  },
  "CNAME":{
      "Type" : "Custom::ResourceDNS",
      "Version" : "1.0",
      "Properties" : {
      "Resource" : "CNAME",
      "ServiceToken" : { "Fn::Join" : [ ":", [ "arn:aws:sns", { "Ref" : "AWS::Region" }, "571458333875:custom-resource" ]]},
      "CNAME": "dev-backend.tardis.aws.lmig.com",
      "DnsName" : { "Fn::GetAtt" : [ "ELB", "DNSName" ]}
    }
  },
      "ELB":{
       "Type": "AWS::ElasticLoadBalancing::LoadBalancer",
       "Properties": {
           "CrossZone" : "true",
           "HealthCheck" : {
            "HealthyThreshold" : "3",
            "Interval" : "20",
            "Target":"HTTP:8080/health",
            "Timeout" : "15",
            "UnhealthyThreshold" : "3"
          },
          "Listeners" : [ {
              "InstancePort" : "8080",
              "InstanceProtocol" : "HTTP",
              "LoadBalancerPort" : "8080",
              "Protocol" : "HTTP"
           } ],
          "LoadBalancerName" : "intl-reg-data-science-elb-00",
          "Scheme" : "internal",
          "SecurityGroups" : [{"Ref": "EC2SecurityGroupId"}],
          "Subnets" : [{"Ref": "Subnet1"},{"Ref": "Subnet2"}],
          "Tags": [{
            "Key": "lm_app",
            "Value": {
             "Ref": "AppName"
            }
            },
            {
            "Key": "Name",
            "Value": "intl-reg-emea-data-science-backend-elb"
            },
            {
            "Key": "lm_app_env",
            "Value": {
             "Ref": "AppEnv"
            }
            },
            {
            "Key": "lm_sbu",
            "Value": "INTL"
            },
            {
            "Key": "lm_troux_uid",
            "Value": {
             "Ref": "TrouxId"
            }
            },
            {
            "Key": "lm_applicationsupportemail",
            "Value": {
             "Ref": "AppSupport"
            }
            },
            {
            "Key": "intl_region",
            "Value": {
             "Ref": "AppRegion"
            }
            },
            {
            "Key": "intl_country",
            "Value": {
             "Ref": "AppCountry"
            }
            },
             {
                    "Key": "Project",
                    "Value": "LM-GRM-WEM-DSPlatform"
            }
            ]
       }
    }
  }
} 
