{
  "configVersion": 1,
  "index": "/index.html",
  "assetGroups": [
    {
      "name": "app",
      "installMode": "prefetch",
      "updateMode": "prefetch",
      "urls": [
        "/0.1d489dae422900ce774f.js",
        "/favicon.ico",
        "/index.html",
        "/main.0e7073eeef5bb0bfd292.js",
        "/polyfills.b21fec142fc35ce44497.js",
        "/runtime.6115c4342f1d487b8de3.js",
        "/styles.5759b4a25bb452d5207d.css"
      ],
      "patterns": [
        "https:\\/\\/fonts\\.googleapis\\.com\\/.*"
      ]
    },
    {
      "name": "assets",
      "installMode": "lazy",
      "updateMode": "prefetch",
      "urls": [
        "/assets/icons/icon-128x128.png",
        "/assets/icons/icon-144x144.png",
        "/assets/icons/icon-152x152.png",
        "/assets/icons/icon-192x192.png",
        "/assets/icons/icon-384x384.png",
        "/assets/icons/icon-512x512.png",
        "/assets/icons/icon-72x72.png",
        "/assets/icons/icon-96x96.png",
        "/assets/images/cluster-management.png",
        "/assets/images/liberty-mutual-logo-2.png",
        "/assets/images/liberty-mutual-logo.png",
        "/assets/images/liberty.png"
      ],
      "patterns": []
    }
  ],
  "dataGroups": [
    {
      "name": "34.227.111.153:8080",
      "patterns": [
        "http:\\/\\/34\\.227\\.111\\.153:8080\\/.*"
      ],
      "strategy": "freshness",
      "maxSize": 100,
      "maxAge": 604800000,
      "timeoutMs": 10000,
      "version": 1
    }
  ],
  "hashTable": {
    "/0.1d489dae422900ce774f.js": "7d2af8aa51dec915d79e435af4ac4445ddc8ce0e",
    "/assets/icons/icon-128x128.png": "716e5b3b7e29c5e512e91fb88792685c3ac46faf",
    "/assets/icons/icon-144x144.png": "4cca042edf795547edda593e1e90403f6fdd50e7",
    "/assets/icons/icon-152x152.png": "a8cc7ff6e4bf7f4f9a0672b2297d07758605283c",
    "/assets/icons/icon-192x192.png": "bcee5e619fe3886b244bdd914a27db6eab40aef2",
    "/assets/icons/icon-384x384.png": "1ae0897968ef252918089a181958e6455411d560",
    "/assets/icons/icon-512x512.png": "f5e68ed818e7327aacece800acbd1fe996352763",
    "/assets/icons/icon-72x72.png": "8f49605899745da8706652b2d415c913d493c8a5",
    "/assets/icons/icon-96x96.png": "8e4bc345cb1ee8f6450ddeef0254d71db599a54c",
    "/assets/images/cluster-management.png": "8d3b90a6ec2e47eb7fc6f483caf632108f93edd1",
    "/assets/images/liberty-mutual-logo-2.png": "0d955a0d5e96859e9ec507eb9be40fb5cdac8af7",
    "/assets/images/liberty-mutual-logo.png": "dbb5dbebe2c02c36c61defc66e90ce8a2ec3de6c",
    "/assets/images/liberty.png": "793725e196f914b67b80669782681de32c984876",
    "/favicon.ico": "3d87183556dd3bb55110ee228670530716941891",
    "/index.html": "42b920e25e1043a8b09ad5ccdb4e0f73f712b912",
    "/main.0e7073eeef5bb0bfd292.js": "95a94a52285a52c07f024b035e457bfdc5625fd8",
    "/polyfills.b21fec142fc35ce44497.js": "1b3bb2516b48a0412078b4052d3068d0a08e2a40",
    "/runtime.6115c4342f1d487b8de3.js": "f4e4f9a68022cc1e11c8abc0b60454e9258972a6",
    "/styles.5759b4a25bb452d5207d.css": "200e0d3b07c50092fe983be3e5f1337c89f6ef36"
  },
  "navigationUrls": [
    {
      "positive": true,
      "regex": "^\\/.*$"
    },
    {
      "positive": false,
      "regex": "^\\/(?:.+\\/)?[^/]*\\.[^/]*$"
    },
    {
      "positive": false,
      "regex": "^\\/(?:.+\\/)?[^/]*__[^/]*$"
    },
    {
      "positive": false,
      "regex": "^\\/(?:.+\\/)?[^/]*__[^/]*\\/.*$"
    }
  ]
}