{
    "Description": "CloudFormation template for creating an EMR cluster with 2 nodes only",
    "Parameters": {
    "AppName":{
        "Description": "The name of the application",
        "Type": "String",
        "AllowedPattern": "([a-z0-9\\-])+([a-z0-9])$"
      },
      "AppEnv":{
        "Description": "The name of the application environment",
        "Type": "String",
        "AllowedValues": [
          "dev",
          "nonprod",
          "prod"
        ],
        "Default": "dev",
        "ConstraintDescription": "Must be dev, nonprod, or prod"
      },
      "AppRegion":{
        "Description": "Region the application resides",
        "Type": "String",
        "AllowedValues": [
          "apac",
          "emea",
          "latam"
        ],
        "Default": "emea",
        "ConstraintDescription": "Select a region"
      },
      "AppCountry":{
        "Description": "Country the application resides",
        "Type": "String",
        "AllowedValues": [
          "br",
          "cl",
          "cn",
          "co",
          "ec",
          "es",
          "hk",
          "ie",
          "in",
          "my",
          "pt",
          "ru",
          "sg",
          "th",
          "tr",
          "vn",
          "ss",
          "sec",
          "reg"
        ],
        "ConstraintDescription": "Select a country"
      },
      "UniqueId":{
      	"Type":"String"
      },
      "Username":{
      	"Type":"String"
      },
		"LogBucketName":{
    		"Description":"S3 bucket name to store Logs",
    		"Type":"String",
			"Default": "bucketcft"
    	},
		"LogBucketFolder":{
    		"Description":"S3 folder to store Logs",
    		"Type":"String",
			"Default": "test"
    	},
        "KeyName": {
            "Description": "Name of an existing EC2 KeyPair to enable SSH to the instances",
            "Type": "AWS::EC2::KeyPair::KeyName"
        },
        "Subnet": {
            "Description": "Subnet ID for creating the EMR cluster",
            "Type": "AWS::EC2::Subnet::Id",
			"Default": "subnet-43ac0c1e"
        },
		"VPCId":
		{
			"Type":"String",
			"Default":"vpc-a3a509c6"
		},
		"AMIId":
		{
			"Type":"String",
			"Default":"ami-0ff8a91507f77f867"
		},
		"InstanceType":{
			"Type":"String",
			"Default":"m4.xlarge"
		},
		"IamInstanceProfileRole":{"Type":"String","Default":"Full_Access"},
		"IamRole":{"Type":"String","Default":"EMR_DefaultRole"},
		"InstanceCount":{"Type":"String","Default":"2"}
	},
    "Resources": 
	{
        "EMRCluster": 
		{
			"Type": "AWS::EMR::Cluster",
            "Properties": 
			{
            	"Name":{"Fn::Join":["-",["intl-reg-data-science-",{"Ref":"Username"},{"Ref":"UniqueId"}]]},
              	"EbsRootVolumeSize":"30",
				"LogUri":{ "Fn::Join" : ["",[ "s3://",{"Ref":"LogBucketName"},"/",{"Ref":"LogBucketFolder"}] ]},
				"Applications": 
				[
                    {
                        "Name": "JupyterHub"
                    },
                    {
                        "Name": "Hive"
                    },
                    {
                        "Name": "Pig"
                    },
                    {
                        "Name": "Spark"
                    },
        		    {
         			    "Name":	"Hue"
        		    },
                    {
                        "Name":"Hadoop"
                    }
                ],
                "Instances":
				{
                    "CoreInstanceGroup": 
					{
                        "Name": "Core Instance",
                        "EbsConfiguration": 
						{
                            "EbsBlockDeviceConfigs": 
							[
                                {
                                    "VolumeSpecification": 
									{
                                        "SizeInGB": "50",
                                        "VolumeType": "gp2"
                                    },
                                    "VolumesPerInstance": "1"
                                }
                            ],
                            "EbsOptimized": "false"
                        },
                        "InstanceCount": {"Ref":"InstanceCount"},
                        "InstanceType": {"Ref":"InstanceType"},
                        "Market": "ON_DEMAND"
                    },
                    "MasterInstanceGroup": 
					{
                        "InstanceCount": "1",
                        "InstanceType": {"Ref":"InstanceType"},
                        "Market": "ON_DEMAND",
                        "Name": "Master Instance"
                    },             
                    "Ec2KeyName": 
					{
                        "Ref": "KeyName"
                    },
                    "Ec2SubnetId": 
					{
                        "Ref": "Subnet"
                    },
                    "TerminationProtected": "false"
                },
                "ReleaseLabel": "emr-5.15.0",
                "AutoScalingRole": "EMR_AutoScaling_DefaultRole",
                "JobFlowRole": {"Ref":"IamInstanceProfileRole"},
                "ServiceRole": {"Ref":"IamRole"},
				"Tags": 
				[ 
          {
            "Key":"Name",
            "Value": {"Fn::Join":["-",["intl-reg-data-science-emr",{"Ref":"Username"},{"Ref":"UniqueId"}]]}
          },
          {
            "Key":"lm_troux_uid",
            "Value": "N/A"
          },
          {
            "Key":"intl_counry",
            "Value": "reg"
          },
          {
            "Key":"intl_region",
            "Value": "emea"
          },
          {
            "Key":"lm_app",
            "Value":"intl-reg-data-science"
          },
          {
            "Key":"lm_applicationsupportemail",
            "Value":"N/A"
          },
          {
            "Key":"lm_app_env",
            "Value":"dev"
          },
          {
            "Key":"lm_sbu",
            "Value":"INTL"
          }
      	],
                "VisibleToAllUsers": "false"
            }
        }
   },
   "Outputs":{
   		"EMRMasterNodeDNS":{
   			"Value":{"Fn::GetAtt":["EMRCluster","MasterPublicDNS"]}
   		}
   }
 }
