{
  "Ec2-Instance-Type": [
    {
      "gpu": [
        {
          "memory": [
            {
              "small": {
                "cpu": 4000,
                "memory": 60000,
                "instanceType": "p2.xlarge",
                "instanceHourCost": "0.9",
                "instanceSecCost": "0.00025"
              }
            },
            {
              "medium": {
                "cpu": 4000,
                "memory": 60000,
                "instanceType": "p2.xlarge",
                "instanceHourCost": "0.9",
                "instanceSecCost": "0.00025"
              }
            },
            {
              "large": {
                 "cpu": 4000,
                "memory": 60000,
                "instanceType": "p2.xlarge",
                "instanceHourCost": "0.9",
                "instanceSecCost": "0.00025"
              }
            },
            {
              "xlarge": {
                 "cpu": 4000,
                "memory": 60000,
                "instanceType": "p2.xlarge",
                "instanceHourCost": "0.9",
                "instanceSecCost": "0.00025"
              }
            }
          ]
        },
        {
          "compute": [
            {
              "small": {
                "cpu": 4000,
                "memory": 60000,
                "instanceType": "p2.xlarge",
                "instanceHourCost": "0.9",
                "instanceSecCost": "0.00025"
              }
            },
            {
              "medium": {
                "cpu": 4000,
                "memory": 60000,
                "instanceType": "p2.xlarge",
                "instanceHourCost": "0.9",
                "instanceSecCost": "0.00025"
              }
            },
            {
              "large": {
                "cpu": 4000,
                "memory": 60000,
                "instanceType": "p2.xlarge",
                "instanceHourCost": "0.9",
                "instanceSecCost": "0.00025"
              }
            },
            {
              "xlarge": {
                "cpu": 4000,
                "memory": 60000,
                "instanceType": "p2.xlarge",
                "instanceHourCost": "0.9",
                "instanceSecCost": "0.00025"
              }
            }
          ]
        }
      ]
    },
    {
      "cpu": [
        {
          "memory": [
            {
              "small": {
                "cpu": 2048,
                "memory": 14592,
                "instanceType": "r4.xlarge",
                "instanceHourCost": "0.133",
                "instanceSecCost": "0.00007389"
              }
            },
            {
              "medium": {
                "cpu": 4096,
                "memory": 30208,
                "instanceType": "r4.xlarge",
                "instanceHourCost": "0.266",
                "instanceSecCost": "0.00007389"
              }
            },
            {
              "large": {
                "cpu": 8192,
                "memory": 60416,
                "instanceType": "r4.2xlarge",
                "instanceHourCost": "0.532",
                "instanceSecCost": "0.00014778"
              }
            },
            {
              "xlarge": {
                "cpu": 16384,
                "memory": 122882,
                "instanceType": "r4.4xlarge",
                "instanceHourCost": "1.064",
                "instanceSecCost": "0.00029556"
              }
            }
          ]
        },
        {
          "compute": [
            {
              "small": {
                "cpu": 2048,
                "memory": 7168,
                "instanceType": "m4.large",
                "instanceHourCost": "0.1",
                "instanceSecCost": "0.00002778"
              }
            },
            {
              "medium": {
                "cpu": 4096,
                "memory": 15360,
                "instanceType": "m4.xlarge",
                "instanceHourCost": "0.2",
                "instanceSecCost": "0.00005556"
              }
            },
            {
              "large": {
                "cpu": 8192,
                "memory": 31744,
                "instanceType": "m4.2xlarge",
                "instanceHourCost": "0.4",
                "instanceSecCost": "0.0001111"
              }
            },
            {
              "xlarge": {
                "cpu": 12356,
                "memory": 56426,
                "instanceType": "m4.4xlarge",
                "instanceHourCost": "0.8",
                "instanceSecCost": "0.0002222"
              }
            }
          ]
        }
      ]
    }
  ]
}
