{
"AWSTemplateFormatVersion":"2010-09-09",
"Resources":{
   "InstanceProfileS3Access":{
      "Type":"AWS::IAM::InstanceProfile",
      "Properties":{
         "Roles":[{"Ref":"S3PutObjectFunctionRole"}],
         "InstanceProfileName": ""
      }},
   "S3PutObjectFunctionRole":{
      "Type":"AWS::IAM::Role",
      "Properties":{
         "AssumeRolePolicyDocument":{
            "Version":"2012-10-17",
            "Statement":[
            {
            "Effect":"Allow",
            "Principal":{"Service":["ec2.amazonaws.com","ecs-tasks.amazonaws.com","elasticmapreduce.amazonaws.com"]},
            "Action":["sts:AssumeRole"]
            }]
         },
         "RoleName":"",
         "Policies":[{
            "PolicyName":"",
            "PolicyDocument":{
            "Version":"2012-10-17",
            "Statement":[
            {
            "Effect":"Allow",
            "Action":["s3:*"],
            "Resource":""
            },
            {
            "Effect":"Deny",
            "Action":["s3:*"],
            "Resource":""
            },
            {
            "Effect":"Allow",
            "Action":["s3:Get*",
                    "s3:List*"],
            "Resource":""
             },
             {
             "Effect":"Allow",
             "Action":["s3:PutAnalyticsConfiguration",
                     "s3:GetObjectVersionTagging",
                     "s3:CreateBucket",
                     "s3:ReplicateObject",
                     "s3:GetObjectAcl",
                     "s3:PutLifecycleConfiguration",
                     "s3:GetObjectVersionAcl",
                     "s3:PutObjectTagging",
                     "s3:HeadBucket",
                     "s3:GetIpConfiguration",
                     "s3:GetBucketWebsite",
                     "s3:PutReplicationConfiguration",
                     "s3:GetBucketNotification",
                     "s3:PutBucketCORS",
                     "s3:GetReplicationConfiguration",
                     "s3:ListMultipartUploadParts",
                     "s3:PutObject","s3:GetObject",
                     "s3:PutBucketNotification",
                     "s3:PutBucketLogging",
                     "s3:GetAnalyticsConfiguration",
                     "s3:GetObjectVersionForReplication",
                     "s3:GetLifecycleConfiguration",
                     "s3:ListBucketByTags","s3:GetInventoryConfiguration",
                     "s3:GetBucketTagging","s3:PutAccelerateConfiguration",
                     "s3:GetBucketLogging","s3:ListBucketVersions",
                     "s3:ReplicateTags",
                     "s3:RestoreObject",
                     "s3:ListBucket",
                     "s3:GetAccelerateConfiguration",
                     "s3:GetBucketPolicy",
                     "s3:PutEncryptionConfiguration",
                     "s3:GetEncryptionConfiguration",
                     "s3:GetObjectVersionTorrent",
                     "s3:AbortMultipartUpload",
                     "s3:PutBucketTagging",
                     "s3:GetBucketRequestPayment",
                     "s3:GetObjectTagging",
                     "s3:GetMetricsConfiguration",
                     "s3:PutBucketVersioning",
                     "s3:ListBucketMultipartUploads",
                     "s3:PutMetricsConfiguration",
                     "s3:PutObjectVersionTagging",
                     "s3:GetBucketVersioning",
                     "s3:GetBucketAcl",
                     "s3:PutInventoryConfiguration",
                     "s3:PutIpConfiguration",
                     "s3:GetObjectTorrent",
                     "s3:PutBucketWebsite",
                     "s3:ListAllMyBuckets",
                     "s3:PutBucketRequestPayment",
                     "s3:GetBucketCORS",
                     "s3:GetBucketLocation",
                     "s3:GetObjectVersion"],
                 "Resource":""
             },
             {
             "Effect":"Allow",
            "Action":["cloudwatch:*",
                    "dynamodb:*",
                    "ec2:Describe*",
                    "elasticmapreduce:Describe*",
                    "elasticmapreduce:ListBootstrapActions",
                    "elasticmapreduce:ListClusters",
                    "elasticmapreduce:ListInstanceGroups",
                    "elasticmapreduce:ListInstances",
                    "elasticmapreduce:ListSteps",
                    "kinesis:CreateStream",
                    "kinesis:DeleteStream",
                    "kinesis:DescribeStream",
                    "kinesis:GetRecords",
                    "kinesis:GetShardIterator",
                    "kinesis:MergeShards",
                    "kinesis:PutRecord",
                    "kinesis:SplitShard",
                    "rds:Describe*",
                    "sdb:*","sns:*",
                    "sqs:*",
                    "glue:CreateDatabase",
                    "glue:UpdateDatabase",
                    "glue:DeleteDatabase",
                    "glue:GetDatabase",
                    "glue:GetDatabases",
                    "glue:CreateTable",
                    "glue:UpdateTable",
                    "glue:DeleteTable",
                    "glue:GetTable",
                    "glue:GetTables",
                    "glue:GetTableVersions",
                    "glue:CreatePartition",
                    "glue:BatchCreatePartition",
                    "glue:UpdatePartition",
                    "glue:DeletePartition",
                    "glue:BatchDeletePartition",
                    "glue:GetPartition",
                    "glue:GetPartitions",
                    "glue:BatchGetPartition",
                    "glue:CreateUserDefinedFunction",
                    "glue:UpdateUserDefinedFunction",
                    "glue:DeleteUserDefinedFunction",
                    "glue:GetUserDefinedFunction",
                    "glue:GetUserDefinedFunctions"],
            "Resource":"*"
            },
            {
            "Effect":"Allow",
            "Action":[
                    "ecs:CreateCluster",
                        "ecs:DeregisterContainerInstance",
                        "ecs:DiscoverPollEndpoint",
                        "ecs:Poll",
                        "ecs:RegisterContainerInstance",
                        "ecs:StartTelemetrySession",
                        "ecs:UpdateContainerInstancesState",
                        "ecs:Submit*",
                        "logs:CreateLogStream",
                        "logs:PutLogEvents",
                    "ec2:AuthorizeSecurityGroupEgress",
                        "ecr:GetAuthorizationToken",
                        "ecr:BatchCheckLayerAvailability",
                        "ecr:GetDownloadUrlForLayer",
                        "ecr:BatchGetImage",
                        "ecr:BatchCheckLayerAvailability",
                        "ecr:GetDownloadUrlForLayer",
                        "ecr:GetRepositoryPolicy",
                        "ecr:DescribeRepositories",
                        "ecr:ListImages",
                        "ecr:DescribeImages",
                        "ecr:InitiateLayerUpload",
                        "ecr:UploadLayerPart",
                        "ecr:CompleteLayerUpload",
                        "ecr:PutImage",
                    "ecr:GetAuthorizationToken",
                        "ecr:BatchGetImage",
                        "logs:CreateLogStream",
                        "logs:PutLogEvents",
                    "ec2:AuthorizeSecurityGroupIngress",
                    "ec2:CancelSpotInstanceRequests",
                    "ec2:CreateNetworkInterface",
                    "ec2:CreateSecurityGroup",
                    "ec2:CreateTags",
                    "ec2:DeleteNetworkInterface",
                    "ec2:DeleteSecurityGroup",
                    "ec2:DeleteTags",
                    "ec2:DescribeAvailabilityZones",
                    "ec2:DescribeAccountAttributes",
                    "ec2:DescribeDhcpOptions",
                    "ec2:DescribeImages",
                    "ec2:DescribeInstanceStatus",
                    "ec2:DescribeInstances",
                    "ec2:DescribeKeyPairs",
                    "ec2:DescribeNetworkAcls",
                    "ec2:DescribeNetworkInterfaces",
                    "ec2:DescribePrefixLists",
                    "ec2:DescribeRouteTables",
                    "ec2:DescribeSecurityGroups",
                    "ec2:DescribeSpotInstanceRequests",
                    "ec2:DescribeSpotPriceHistory",
                    "ec2:DescribeSubnets",
                    "ec2:DescribeTags",
                    "ec2:DescribeVpcAttribute",
                    "ec2:DescribeVpcEndpoints",
                    "ec2:DescribeVpcEndpointServices",
                    "ec2:DescribeVpcs",
                    "ec2:DetachNetworkInterface",
                    "ec2:ModifyImageAttribute",
                    "ec2:ModifyInstanceAttribute",
                    "ec2:RequestSpotInstances",
                    "ec2:RevokeSecurityGroupEgress",
                    "ec2:RunInstances",
                    "ec2:TerminateInstances",
                    "ec2:DeleteVolume",
                    "ec2:DescribeVolumeStatus",
                    "ec2:DescribeVolumes",
                    "ec2:DetachVolume",
                    "iam:GetRole",
                    "iam:GetRolePolicy",
                    "iam:ListInstanceProfiles",
                    "iam:ListRolePolicies",
                    "iam:PassRole",
                    "sdb:BatchPutAttributes",
                    "sdb:Select",
                    "sqs:CreateQueue",
                    "sqs:Delete*",
                    "sqs:GetQueue*",
                    "sqs:PurgeQueue",
                    "sqs:ReceiveMessage",
                    "cloudwatch:PutMetricAlarm",
                    "cloudwatch:DescribeAlarms",
                    "cloudwatch:DeleteAlarms",
                    "application-autoscaling:RegisterScalableTarget",
                    "application-autoscaling:DeregisterScalableTarget",
                    "application-autoscaling:PutScalingPolicy",
                    "application-autoscaling:DeleteScalingPolicy",
                    "application-autoscaling:Describe*"],
               "Resource":"*"
               },
               {
				"Effect":"Allow",
				"Action":["s3:ListBucket",
						  "s3:GetBucketAcl",
						  "s3:GetBucketLocation"],
				"Resource":""
				}]
              }
           }]
      }
   }
},
"Description":"CreatingS3Bucket"
}
