{
        "UIDATA": [{
                        "STEP": "1",
                        "Display": [{
                                "TYPE": "RADIO",
                                                                "FIELD" : "REQUIRED",
                                                                "ID" : "001",
                                                                "KEY":"type",
                                "DISPLAYNAME": "Select your work environment*",
                                "DETAILS": [{
                                                "NAME": "Docker Single Node",
                                                "DES": "You get a Single node machine with jupyter running in Docker container",
                                                "ID": "DEV"
                                        },
                                        {
                                                "NAME": "EMR",
                                                "DES": "You get a EMR cluser with jupyter and Hue configured",
                                                "ID": "EMR"
                                        },
                                        {
                                                "NAME": "Docker Multi Node",
                                                "DES": "You get a Multi node Cluster with jupyter running in Docker container",
                                                "ID": "DOCKER"
                                        }
                                ],
                                "RESPONSE": "NONE"
                        }]

                },
                {
                        "STEP": "2",
                        "Display": [{
                                        "TYPE": "RADIO",
                                                                                "FIELD" : "REQUIRED",
                                                                                "ID" : "001",
                                                                                "KEY":"workloadType",
                                        "DISPLAYNAME": "Workload Type*",
                                        "DETAILS": [{
                                                        "NAME": "CPU",
                                                        "DES": "You get a CPU heavy machine",
                                                        "ID": "CPU"
                                                },
                                                {
                                                        "NAME": "GPU",
                                                        "DES": "You get a GPU heavy machine",
                                                        "ID": "GPU"
                                                }
                                        ],
                                        "RESPONSE": "NONE"
                                },
                                {
                                        "TYPE": "RADIO",
                                                                                "FIELD" : "REQUIRED",
                                                                                "ID" : "002",
                                                                                "KEY": "instanceType",
                                        "DISPLAYNAME": "Instance Type*",
                                        "DETAILS": [{
                                                        "NAME": "Compute",
                                                        "DES": "You get a machine with high CPU",
                                                        "ID": "Compute"
                                                },
                                                {
                                                        "NAME": "Memory",
                                                        "DES": "You get a machine with high RAM",
                                                        "ID": "Memory"
                                                }
                                        ],
                                        "RESPONSE": "NONE"
                                },
                                {
                                        "TYPE": "RADIO",
                                                                                "FIELD" : "REQUIRED",
                                                                                "ID" : "003",
                                                                                "KEY": "instanceSize",
                                        "DISPLAYNAME": "Instance Size*",
                                        "DETAILS": [{
                                                        "NAME": "Small",
                                                        "DES": "m4.large",
                                                        "ID": "Small"
                                                },
                                                {
                                                        "NAME": "Medium",
                                                        "DES": "m4.xlarge",
                                                        "ID": "Medium"
                                                },
                                                {
                                                        "NAME": "Large",
                                                        "DES": "m4.2xlarge",
                                                        "ID": "Large"
                                                },
                                                {
                                                        "NAME": "XLarge",
                                                        "DES": "m4.4xlarge",
                                                        "ID": "XLarge"
                                                }
                                        ],
                                        "RESPONSE": "NONE"
                                },{
                                "TYPE": "DROPDOWN",
                                                                "FIELD" : "REQUIRED",
                                                                "ID" : "004",
                                                                "KEY": "volumeSize",
                                "DISPLAYNAME": "Enter Volume Size*",
                                "DETAILS": [{
                                        "ID": ["50","100","150","200","250","300","350","400","450","500"]
                                }],
                                "RESPONSE": "NONE"
                        }

                        ]

                },
                {
                        "STEP": "3",
                        "Display": [{
                                        "TYPE": "RADIO",
                                                                                "FIELD" : "REQUIRED",
                                                                                "ID" : "001",
                                                                                "KEY":"image",
                                        "DISPLAYNAME": "Select Image*",
                                        "DETAILS": [{
                                                        "NAME": "JPR",
                                                        "DES": "You get Jupyter, Python and R",
                                                        "ID": "jpr"
                                                },
                                                {
                                                        "NAME": "JPS",
                                                        "DES": "You get Jupyter, Python and Spark",
                                                        "ID": "jps"
                                                },
                                                {
                                                        "NAME": "JPRS",
                                                        "DES": "You get Jupyter, Python, R and Spark",
                                                        "ID": "jprs"
                                                },
                                                {
                                                        "NAME": "JPRRS",
                                                        "DES": "You get Jupyter, Python, R, R-Studio and Spark",
                                                        "ID": "jprrs"
                                                }
                                        ],
                                        "DEPENDS": "1.001.DEV",
                                        "RESPONSE": "NONE"
                                },
                                {
                                        "TYPE": "TEXTBOX",
                                                                                "FIELD" : "REQUIRED",
                                                                                "ID" : "002",
                                                                                "KEY":"nodeCount",
                                        "DISPLAYNAME": "Number of Nodes*",
                                        "DETAILS": [{
                                                "ID": "nodeCount"
                                        }],
                                        "DEPENDS": "1.001.EMR",
                                        "RESPONSE": "NONE"
                                },
                                {
                                        "TYPE": "RADIO",
                                                                                "FIELD" : "REQUIRED",
                                                                                "ID" : "003",
                                                                                "KEY":"image",
                                        "DISPLAYNAME": "Select Image*",
                                        "DETAILS": [{
                                                        "NAME": "JPR",
                                                        "DES": "You get Jupyter, Python and R",
                                                        "ID": "JPR"
                                                },
                                                {
                                                        "NAME": "JPS",
                                                        "DES": "You get Jupyter, Python and Spark",
                                                        "ID": "JPS"
                                                },
                                                {
                                                        "NAME": "JPRS",
                                                        "DES": "You get Jupyter, Python, R and Spark",
                                                        "ID": "JPRS"
                                                }
                                        ],
                                        "DEPENDS": "1.001.DOCKER",
                                        "RESPONSE": "NONE"
                                }, {
                                        "TYPE": "TEXTBOX",
                                                                                "FIELD" : "REQUIRED",
                                                                                "ID" : "004",
                                                                                "KEY":"nodeCount",
                                        "DISPLAYNAME": "Number of Nodes*",
                                        "DETAILS": [{
                                                "ID": "nodeCount"
                                        }],
                                        "DEPENDS": "1.001.DOCKER",
                                        "RESPONSE": "NONE"
                                }
                        ]
                },
                {
                        "STEP": "4",
                        "Display": [{
                                "TYPE": "TEXTBOX",
                                                                "FIELD" : "REQUIRED",
                                                                "ID" : "001",
                                                                "KEY": "userClusterName",
                                "DISPLAYNAME": "Enter User Friendly Cluster Name*",
                                "DETAILS": [{
                                        "ID": "userClusterName"
                                }],
                                "RESPONSE": "NONE"
                        }]
                }
        ]
}

