{"UIDATA" : [
{ "STEP":"1",
  "DISPLAY" : [{ "TYPE": "TEXTBOX",
                  "DISPLAYNAME":"Enter a Name*",
                          "REGEX" : ["a-z","A-Z"],
                          "FIELD" : "REQUIRED",
                            "RESPONSE" : "NONE"
                          },
                          { "TYPE": "TEXTBOX",
                  "DISPLAYNAME":"Enter User ID*",
                          "REGEX" : ["n[0-9]"],
                          "FIELD" : "REQUIRED",
                           "RESPONSE" : "NONE"
                          },
                          { "TYPE": "TEXTBOX",
                  "DISPLAYNAME":"Enter a Email ID*",
                          "REGEX" : ["a-z","A-Z","0-9","@"],
                          "FIELD" : "REQUIRED",
                           "RESPONSE" : "NONE"
                          },
                          { "TYPE": "DORPDOWN",
                  "DISPLAYNAME":"Select Role*",
                          "VALUES" :["ADMIN","USER"],
                          "REGEX" : ["a-z","A-Z"],
                          "FIELD" : "REQUIRED",
                           "RESPONSE" : "NONE"
                          },
                          { "TYPE": "TOGGLE",
                  "DISPLAYNAME":"Bucket List*",
                          "VALUES" :["test1","test2"],
                          "REGEX" : ["a-z","A-Z"],
                          "FIELD" : "REQUIRED",
                           "RESPONSE" : "NONE"
                          }
  ]

}
]
}

